{"blockIncrease7Day": 0.0940787241262301, "blockHourPrice": [[1542603600000, 0.00011605], [1542607200000, 0.00011612], [1542614400000, 0.00011635], [1542618000000, 0.00011646], [1542621600000, 0.00011654], [1542625200000, 0.00011659], [1542628800000, 0.00011665], [1542632400000, 0.0001167], [1542636000000, 0.00011677], [1542639600000, 0.00011682], [1542643200000, 0.00011688], [1542646800000, 0.00011695], [1542650400000, 0.000117], [1542654000000, 0.00011705], [1542657600000, 0.00011711], [1542661200000, 0.00011718], [1542664800000, 0.00011723], [1542668400000, 0.0001173], [1542672000000, 0.00011737], [1542675600000, 0.00011743], [1542679200000, 0.00011748], [1542682800000, 0.00011756], [1542686400000, 0.00011762], [1542690000000, 0.00011767], [1542693600000, 0.00011776], [1542697200000, 0.00011781], [1542700800000, 0.00011788], [1542704400000, 0.00011795], [1542708000000, 0.00011801], [1542711600000, 0.00011808], [1542715200000, 0.00011813], [1542718800000, 0.0001182], [1542722400000, 0.00011827], [1542726000000, 0.00011833], [1542729600000, 0.00011839], [1542733200000, 0.00011847], [1542736800000, 0.00011853], [1542740400000, 0.0001186], [1542744000000, 0.00011867], [1542747600000, 0.00011872], [1542751200000, 0.00011878], [1542754800000, 0.00011885], [1542758400000, 0.00011891], [1542762000000, 0.00011899], [1542765600000, 0.00011905], [1542769200000, 0.00011912], [1542772800000, 0.00011916], [1542776400000, 0.00011923], [1542780000000, 0.0001193], [1542783600000, 0.00011936], [1542787200000, 0.00011943], [1542790800000, 0.0001195], [1542794400000, 0.00011956], [1542798000000, 0.00011962], [1542801600000, 0.00011969], [1542805200000, 0.00011975], [1542808800000, 0.00011982], [1542812400000, 0.00011988], [1542816000000, 0.00011995], [1542819600000, 0.00012], [1542823200000, 0.00012008], [1542826800000, 0.00012013], [1542830400000, 0.00012019], [1542834000000, 0.00012026], [1542837600000, 0.00012032], [1542841200000, 0.00012039], [1542844800000, 0.00012045], [1542848400000, 0.00012053], [1542852000000, 0.00012058], [1542855600000, 0.00012066], [1542859200000, 0.00012071], [1542862800000, 0.00012077], [1542866400000, 0.00012088], [1542870000000, 0.00012096], [1542873600000, 0.00012102], [1542877200000, 0.00012109], [1542880800000, 0.00012115], [1542884400000, 0.00012121], [1542888000000, 0.00012127], [1542891600000, 0.00012134], [1542895200000, 0.0001214], [1542898800000, 0.00012148], [1542902400000, 0.00012152], [1542906000000, 0.0001216], [1542909600000, 0.00012165], [1542913200000, 0.00012171], [1542916800000, 0.00012179], [1542920400000, 0.00012185], [1542924000000, 0.00012191], [1542927600000, 0.00012197], [1542931200000, 0.00012204], [1542934800000, 0.0001221], [1542938400000, 0.00012216], [1542942000000, 0.00012222], [1542945600000, 0.00012228], [1542949200000, 0.00012234], [1542952800000, 0.00012241], [1542956400000, 0.00012247], [1542960000000, 0.00012253], [1542963600000, 0.00012261], [1542967200000, 0.00012267], [1542970800000, 0.00012273], [1542974400000, 0.0001228], [1542978000000, 0.00012287], [1542981600000, 0.00012293], [1542985200000, 0.00012299], [1542988800000, 0.00012302], [1542992400000, 0.00012311], [1542996000000, 0.00012317], [1542999600000, 0.00012323], [1543003200000, 0.00012329], [1543006800000, 0.00012335], [1543010400000, 0.00012343], [1543014000000, 0.00012349], [1543017600000, 0.00012355], [1543021200000, 0.00012362], [1543024800000, 0.00012367], [1543028400000, 0.00012375], [1543032000000, 0.00012381], [1543035600000, 0.00012389], [1543039200000, 0.00012393], [1543042800000, 0.00012401], [1543046400000, 0.00012407], [1543050000000, 0.00012415], [1543053600000, 0.00012421], [1543057200000, 0.00012427], [1543060800000, 0.00012433], [1543064400000, 0.00012439], [1543068000000, 0.00012447], [1543071600000, 0.00012453], [1543075200000, 0.0001246], [1543078800000, 0.00012467], [1543082400000, 0.00012473], [1543086000000, 0.0001248], [1543089600000, 0.00012486], [1543093200000, 0.00012494], [1543096800000, 0.000125], [1543100400000, 0.00012506], [1543104000000, 0.00012514], [1543107600000, 0.0001252], [1543111200000, 0.00012527], [1543114800000, 0.00012534], [1543118400000, 0.00012541], [1543122000000, 0.00012547], [1543125600000, 0.00012555], [1543129200000, 0.00012561], [1543132800000, 0.00012564], [1543136400000, 0.00012572], [1543140000000, 0.00012579], [1543143600000, 0.00012587], [1543147200000, 0.00012594], [1543150800000, 0.00012599], [1543154400000, 0.00012609], [1543158000000, 0.00012615], [1543161600000, 0.00012621], [1543165200000, 0.00012626], [1543168800000, 0.00012636], [1543172400000, 0.00012642], [1543176000000, 0.00012649], [1543179600000, 0.00012655], [1543183200000, 0.00012663], [1543186800000, 0.00012671], [1543190400000, 0.00012676], [1543194000000, 0.00012684], [1543197600000, 0.00012692], [1543201200000, 0.00012698], [1543204800000, 0.00012705], [1543208400000, 0.00012711], [1543212000000, 0.00012718], [1543215600000, 0.00012726], [1543219200000, 0.00012732], [1543222800000, 0.00012739], [1543226400000, 0.00012747], [1543230000000, 0.00012755], [1543233600000, 0.00012762], [1543237200000, 0.00012768], [1543240800000, 0.00012775], [1543244400000, 0.00012783], [1543248000000, 0.00012789], [1543251600000, 0.00012798], [1543255200000, 0.00012804], [1543258800000, 0.00012811], [1543262400000, 0.00012817], [1543266000000, 0.00012825], [1543269600000, 0.00012832], [1543273200000, 0.00012837], [1543276800000, 0.00012844], [1543280400000, 0.00012853], [1543284000000, 0.0001286], [1543287600000, 0.00012868], [1543291200000, 0.00012875], [1543294800000, 0.0001288], [1543298400000, 0.00012887], [1543302000000, 0.00012895], [1543305600000, 0.00012897]], "last_t": 1543306621, "exchangeVolume": 5558125.44428, "exchangeMsPrice": 0.02932826, "blockIncrease": 0.012959472196041573}