{"blockIncrease7Day": 0.0, "blockHourPrice": [[1557302400000, 0.00010173], [1557306000000, 0.00010173], [1557309600000, 0.00010173], [1557313200000, 0.00010174], [1557316800000, 0.00010174], [1557320400000, 0.00010174], [1557324000000, 0.00010174], [1557327600000, 0.00010174], [1557331200000, 0.00010174], [1557334800000, 0.00010174], [1557338400000, 0.00010174], [1557342000000, 0.00010174], [1557345600000, 0.00010174], [1557349200000, 0.00010174], [1557352800000, 0.00010174], [1557356400000, 0.00010174], [1557360000000, 0.00010174], [1557363600000, 0.00010174], [1557367200000, 0.00010174], [1557370800000, 0.00010174], [1557374400000, 0.00010174], [1557378000000, 0.00010174], [1557381600000, 0.00010174], [1557385200000, 0.00010174], [1557388800000, 0.00022836], [1557392400000, 0.00022957], [1557396000000, 0.00022957], [1557399600000, 0.00022957], [1557403200000, 0.00022952], [1557406800000, 0.00022952], [1557410400000, 0.00022952], [1557414000000, 0.00022952], [1557417600000, 0.00022952], [1557421200000, 0.00022952], [1557424800000, 0.00022952], [1557428400000, 0.00022952], [1557432000000, 0.00022952], [1557435600000, 0.00022952], [1557439200000, 0.00022952], [1557442800000, 0.00022952], [1557446400000, 0.00022952], [1557450000000, 0.00022952], [1557453600000, 0.00022957], [1557457200000, 0.00022957], [1557460800000, 0.00022957], [1557464400000, 0.00022957], [1557468000000, 0.00022957], [1557471600000, 0.00010024], [1557475200000, 0.00010023], [1557478800000, 0.00010419], [1557482400000, 0.00012282], [1557486000000, 0.00016181], [1557489600000, 0.00016181], [1557493200000, 0.00016181], [1557496800000, 0.00016181], [1557500400000, 0.00016284], [1557504000000, 0.00016284], [1557507600000, 0.00016284], [1557511200000, 0.00016284], [1557514800000, 0.00016289], [1557518400000, 0.00016289], [1557522000000, 0.00016289], [1557525600000, 0.00016289], [1557529200000, 0.00016289], [1557532800000, 0.00016289], [1557536400000, 0.00016289], [1557540000000, 9.862e-05], [1557543600000, 9.864e-05], [1557547200000, 9.864e-05], [1557550800000, 9.871e-05], [1557554400000, 9.871e-05], [1557558000000, 9.877e-05], [1557561600000, 9.914e-05], [1557565200000, 9.914e-05]], "exchangeSfPrice": 0.00010101, "last_t": 1557567661, "exchangeVolume": 0, "blockIncrease": -0.04846914291198772}