{"blockIncrease7Day": 0.0, "blockHourPrice": [[1557302400000, 0.00010173], [1557306000000, 0.00010173], [1557309600000, 0.00010173], [1557313200000, 0.00010174], [1557316800000, 0.00010174], [1557320400000, 0.00010174], [1557324000000, 0.00010174], [1557327600000, 0.00010174], [1557331200000, 0.00010174], [1557334800000, 0.00010174], [1557338400000, 0.00010174], [1557342000000, 0.00010174], [1557345600000, 0.00010174], [1557349200000, 0.00010174], [1557352800000, 0.00010174], [1557356400000, 0.00010174], [1557360000000, 0.00010174], [1557363600000, 0.00010174], [1557367200000, 0.00010174]], "exchangeSfPrice": 7.252e-05, "last_t": 1557368641, "exchangeVolume": 0, "blockIncrease": 0.0}